{"pitch": [-1.7362041325177935, 10.98102855169855, 165.87142415783785, 60.29608375830057], "energy": [-1.1606353521347046, 10.74158763885498, 39.552583878780744, 34.07839168323539]}