{"pitch": [-2.0675667821723467, 16.20777075922575, 141.5459140803405, 38.5589840313309], "energy": [-1.3008999824523926, 21.544925689697266, 13.939022844989937, 10.710091293976744]}