{"pitch": [-1.5894389919251346, 19.55348350962462, 107.54439788463971, 30.605935010743373], "energy": [-1.2009119987487793, 19.177087783813477, 16.291431964156917, 13.56588263422905]}